Year,Award,Winner,Name,Film
1928,Actor in a Leading Role,1,Emil Jannings,The Last Command
1929,Actor in a Leading Role,0,Chester Morris,Alibi
1929,Actress in a Leading Role,0,Betty Compson,The Barker
1929,Actress in a Leading Role,0,Bessie Love,The Broadway Melody
1931,Actor in a Leading Role,0,Adolphe Menjou,The Front Page
1981,Actor in a Supporting Role,0,"Howard E. Rollins, Jr.",Ragtime
1996,Actor in a Supporting Role,1,"Cuba Gooding, Jr.",Jerry Maguire
1982,Actor in a Supporting Role,1,"Louis Gossett, Jr.",An Officer and a Gentleman
1984,Actor in a Supporting Role,0,Adolph Caesar,A Soldier's Story
2006,Actress in a Supporting Role,0,Abigail Breslin,Little Miss Sunshine
1931,Actress in a Leading Role,0,Ann Harding,Holiday
1932,Actor in a Leading Role,0,Alfred Lunt,The Guardsman
1936,Actor in a Supporting Role,0,Akim Tamiroff,The General Died at Dawn
1942,Actress in a Supporting Role,0,Agnes Moorehead,The Magnificent Ambersons
2002,Actor in a Leading Role,1,Adrien Brody,The Pianist
2006,Actress in a Supporting Role,0,Adriana Barraza,Babel
1964,Actress in a Supporting Role,0,Agnes Moorehead,"Hush...Hush, Sweet Charlotte"
1940,Actor in a Supporting Role,0,Albert Basserman,Foreign Correspondent
1966,Actor in a Leading Role,0,Alan Arkin,The Russians Are Coming The Russians Are Coming
1972,Actor in a Supporting Role,0,Al Pacino,The Godfather
1992,Actor in a Supporting Role,0,Al Pacino,Glengarry Glen Ross
2004,Actor in a Supporting Role,0,Alan Alda,The Aviator
2006,Actor in a Supporting Role,1,Alan Arkin,Little Miss Sunshine
2012,Actor in a Supporting Role,0,Alan Arkin,Argo
1968,Actor in a Leading Role,0,Alan Arkin,The Heart Is a Lonely Hunter
1968,Actor in a Leading Role,0,Alan Bates,The Fixer
1944,Actor in a Leading Role,0,Alexander Knox,Wilson
1952,Actor in a Leading Role,0,Alec Guinness,The Lavender Hill Mob
1963,Actor in a Leading Role,0,Albert Finney,Tom Jones
1987,Actor in a Supporting Role,0,Albert Brooks,Broadcast News
2000,Actor in a Supporting Role,0,Albert Finney,Erin Brockovich
1984,Actor in a Leading Role,0,Albert Finney,Under the Volcano
1988,Actor in a Supporting Role,0,Alec Guinness,Little Dorrit
2003,Actor in a Supporting Role,0,Alec Baldwin,The Cooler
1957,Actor in a Leading Role,1,Alec Guinness,The Bridge on the River Kwai
1983,Actress in a Supporting Role,0,Alfre Woodard,Cross Creek
1936,Actress in a Supporting Role,0,Alice Brady,My Man Godfrey
1970,Actress in a Leading Role,0,Ali MacGraw,Love Story
1937,Actress in a Supporting Role,1,Alice Brady,In Old Chicago
1937,Actress in a Supporting Role,0,Andrea Leeds,Stage Door
1944,Actress in a Supporting Role,0,Aline MacMahon,Dragon Seed
2015,Actress in a Supporting Role,1,Alicia Vikander,The Danish Girl
1983,Actress in a Supporting Role,0,Amy Irving,Yentl
2005,Actress in a Supporting Role,0,Amy Adams,Junebug
2013,Actress in a Leading Role,0,Amy Adams,American Hustle
1985,Actress in a Supporting Role,0,Amy Madigan,Twice in a Lifetime
2007,Actress in a Supporting Role,0,Amy Ryan,Gone Baby Gone
1944,Actress in a Supporting Role,0,Angela Lansbury,Gaslight
1990,Actor in a Supporting Role,0,Andy Garcia,"The Godfather, Part III"
2016,Actor in a Leading Role,0,Andrew Garfield,Hacksaw Ridge
1993,Actress in a Leading Role,0,Angela Bassett,What's Love Got to Do with It
1962,Actress in a Supporting Role,0,Angela Lansbury,The Manchurian Candidate
1985,Actress in a Supporting Role,1,Anjelica Huston,Prizzi's Honor
1999,Actress in a Supporting Role,1,Angelina Jolie,"Girl, Interrupted"
2008,Actress in a Leading Role,0,Angelina Jolie,Changeling
1990,Actress in a Leading Role,0,Anjelica Huston,The Grifters
1936,Actor in a Supporting Role,0,Basil Rathbone,Romeo and Juliet
1937,Actress in a Leading Role,0,Barbara Stanwyck,Stella Dallas
1937,Actress in a Supporting Role,0,Anne Shirley,Stella Dallas
1943,Actress in a Supporting Role,0,Anne Revere,The Song of Bernadette
1946,Actress in a Supporting Role,1,Anne Baxter,The Razor's Edge
1955,Actress in a Leading Role,1,Anna Magnani,The Rose Tattoo
1971,Actress in a Supporting Role,0,Ann-Margret,Carnal Knowledge
1987,Actress in a Supporting Role,0,Ann Sothern,The Whales of August
1975,Actress in a Leading Role,0,Ann-Margret,Tommy
2009,Actress in a Supporting Role,0,Anna Kendrick,Up in the Air
1957,Actress in a Leading Role,0,Anna Magnani,Wild Is the Wind
1962,Actress in a Leading Role,1,Anne Bancroft,The Miracle Worker
1987,Actress in a Supporting Role,0,Anne Archer,Fatal Attraction
1993,Actress in a Supporting Role,1,Anna Paquin,The Piano
1985,Actress in a Leading Role,0,Anne Bancroft,Agnes of God
1950,Actress in a Leading Role,0,Anne Baxter,All about Eve
1987,Actress in a Supporting Role,0,Anne Ramsey,Throw Momma from the Train
2008,Actress in a Leading Role,0,Anne Hathaway,Rachel Getting Married
2012,Actress in a Supporting Role,1,Anne Hathaway,Les Misí©rables
1945,Actress in a Supporting Role,1,Anne Revere,National Velvet
1940,Actress in a Supporting Role,0,Barbara O'Neil,"All This, and Heaven Too"
1948,Actress in a Supporting Role,0,Barbara Bel Geddes,I Remember Mama
1949,Actor in a Supporting Role,0,Arthur Kennedy,Champion
1952,Actor in a Supporting Role,1,Anthony Quinn,Viva Zapata!
1956,Actor in a Supporting Role,0,Anthony Perkins,Friendly Persuasion
1957,Actor in a Leading Role,0,Anthony Franciosa,A Hatful of Rain
1966,Actress in a Leading Role,0,Anouk Aimee,A Man and a Woman
1990,Actress in a Supporting Role,0,Annette Bening,The Grifters
2010,Actress in a Leading Role,0,Annette Bening,The Kids Are All Right
1991,Actor in a Leading Role,1,Anthony Hopkins,The Silence of the Lambs
1997,Actor in a Supporting Role,0,Anthony Hopkins,Amistad
1957,Actor in a Leading Role,0,Anthony Quinn,Wild Is the Wind
1969,Actor in a Supporting Role,0,Anthony Quayle,Anne of the Thousand Days
1964,Actor in a Leading Role,0,Anthony Quinn,Zorba the Greek
1956,Actor in a Supporting Role,1,Anthony Quinn,Lust for Life
1957,Actor in a Supporting Role,0,Arthur Kennedy,Peyton Place
1974,Actor in a Leading Role,1,Art Carney,Harry and Tonto
1996,Actor in a Supporting Role,0,Armin Mueller-Stahl,Shine
1958,Actor in a Supporting Role,0,Arthur Kennedy,Some Came Running
1951,Actor in a Leading Role,0,Arthur Kennedy,Bright Victory
1953,Actress in a Leading Role,1,Audrey Hepburn,Roman Holiday
1955,Actor in a Supporting Role,0,Arthur O'Connell,Picnic
1959,Actor in a Supporting Role,0,Arthur O'Connell,Anatomy of a Murder
1959,Actress in a Leading Role,0,Audrey Hepburn,The Nun's Story
1967,Actress in a Leading Role,0,Audrey Hepburn,Wait until Dark
1954,Actress in a Leading Role,0,Audrey Hepburn,Sabrina
1979,Actress in a Supporting Role,0,Barbara Barrie,Breaking Away
1971,Actress in a Supporting Role,0,Barbara Harris,Who Is Harry Kellerman and Why Is He Saying Those Terrible Things about Me?
1996,Actress in a Supporting Role,0,Barbara Hershey,The Portrait of a Lady
1941,Actress in a Leading Role,0,Barbara Stanwyck,Ball of Fire
1948,Actress in a Leading Role,0,Barbara Stanwyck,"Sorry, Wrong Number"
1938,Actor in a Supporting Role,0,Basil Rathbone,If I Were King
1944,Actor in a Supporting Role,1,Barry Fitzgerald,Going My Way
1968,Actress in a Leading Role,1,Barbra Streisand,Funny Girl
1973,Actress in a Leading Role,0,Barbra Streisand,The Way We Were
2013,Actor in a Supporting Role,0,Barkhad Abdi,Captain Phillips
1944,Actor in a Leading Role,0,Barry Fitzgerald,Going My Way
1967,Actress in a Supporting Role,0,Beah Richards,Guess Who's Coming to Dinner
1971,Actor in a Supporting Role,1,Ben Johnson,The Last Picture Show
1976,Actress in a Supporting Role,1,Beatrice Straight,Network
1982,Actor in a Leading Role,1,Ben Kingsley,Gandhi
2003,Actor in a Leading Role,0,Ben Kingsley,House of Sand and Fog
2003,Actor in a Supporting Role,0,Benicio Del Toro,21 Grams
2014,Actor in a Leading Role,0,Benedict Cumberbatch,The Imitation Game
1934,Actress in a Leading Role,0,Bette Davis,Of Human Bondage
1955,Actress in a Supporting Role,0,Betsy Blair,Marty
1962,Actress in a Leading Role,0,Bette Davis,What Ever Happened to Baby Jane?
1952,Actress in a Leading Role,0,Bette Davis,The Star
1979,Actress in a Leading Role,0,Bette Midler,The Rose
1991,Actress in a Leading Role,0,Bette Midler,For the Boys
1933,Actor in a Leading Role,1,Charles Laughton,The Private Life of Henry VIII
1936,Actress in a Leading Role,0,Carole Lombard,My Man Godfrey
1936,Actress in a Supporting Role,0,Beulah Bondi,The Gorgeous Hussy
1938,Actress in a Supporting Role,0,Beulah Bondi,Of Human Hearts
1938,Actress in a Supporting Role,0,Billie Burke,Merrily We Live
2003,Actor in a Leading Role,0,Bill Murray,Lost in Translation
1939,Actor in a Supporting Role,0,Brian Aherne,Juarez
1944,Actor in a Leading Role,1,Bing Crosby,Going My Way
1996,Actor in a Leading Role,0,Billy Bob Thornton,Sling Blade
1998,Actor in a Supporting Role,0,Billy Bob Thornton,A Simple Plan
1954,Actor in a Leading Role,0,Bing Crosby,The Country Girl
1963,Actor in a Supporting Role,0,Bobby Darin,"Captain Newman, M.D."
1986,Actor in a Leading Role,0,Bob Hoskins,Mona Lisa
1975,Actor in a Supporting Role,0,Brad Dourif,One Flew over the Cuckoo's Nest
1975,Actress in a Supporting Role,0,Brenda Vaccaro,Jacqueline Susann's Once Is Not Enough
1989,Actress in a Supporting Role,1,Brenda Fricker,My Left Foot
1995,Actor in a Supporting Role,0,Brad Pitt,12 Monkeys
2011,Actor in a Leading Role,0,Brad Pitt,Moneyball
2012,Actor in a Leading Role,0,Bradley Cooper,Silver Linings Playbook
2014,Actor in a Leading Role,0,Bradley Cooper,American Sniper
1939,Actor in a Supporting Role,0,Brian Donlevy,Beau Geste
1949,Actor in a Leading Role,1,Broderick Crawford,All the King's Men
2015,Actress in a Leading Role,1,Brie Larson,Room
1953,Actor in a Leading Role,0,Burt Lancaster,From Here to Eternity
1958,Actor in a Supporting Role,1,Burl Ives,The Big Country
1975,Actor in a Supporting Role,0,Burgess Meredith,The Day of the Locust
1978,Actor in a Supporting Role,0,Bruce Dern,Coming Home
1990,Actor in a Supporting Role,0,Bruce Davison,Longtime Companion
2013,Actor in a Leading Role,0,Bruce Dern,Nebraska
2015,Actor in a Leading Role,0,Bryan Cranston,Trumbo
1976,Actor in a Supporting Role,0,Burgess Meredith,Rocky
1960,Actor in a Leading Role,1,Burt Lancaster,Elmer Gantry
1981,Actor in a Leading Role,0,Burt Lancaster,Atlantic City
1958,Actress in a Supporting Role,0,Cara Williams,The Defiant Ones
1973,Actress in a Supporting Role,0,Candy Clark,American Graffiti
1976,Actor in a Supporting Role,0,Burt Young,Rocky
1997,Actor in a Supporting Role,0,Burt Reynolds,Boogie Nights
1979,Actress in a Supporting Role,0,Candice Bergen,Starting Over
2011,Actress in a Supporting Role,0,Bí©rí©nice Bejo,The Artist
1967,Actress in a Supporting Role,0,Carol Channing,Thoroughly Modern Millie
2009,Actress in a Leading Role,0,Carey Mulligan,An Education
1975,Actress in a Leading Role,0,Carol Kane,Hester Street
1937,Actor in a Leading Role,0,Charles Boyer,Conquest
1941,Actor in a Leading Role,0,Cary Grant,Penny Serenade
1956,Actress in a Leading Role,0,Carroll Baker,Baby Doll
1957,Actress in a Supporting Role,0,Carolyn Jones,The Bachelor Party
1970,Actress in a Leading Role,0,Carrie Snodgress,Diary of a Mad Housewife
1944,Actor in a Leading Role,0,Cary Grant,None but the Lonely Heart
1946,Actress in a Leading Role,0,Celia Johnson,Brief Encounter
1947,Actress in a Supporting Role,1,Celeste Holm,Gentleman's Agreement
1948,Actor in a Supporting Role,0,Cecil Kellaway,The Luck of the Irish
1969,Actress in a Supporting Role,0,Catherine Burns,Last Summer
1998,Actress in a Leading Role,0,Cate Blanchett,Elizabeth
2004,Actress in a Leading Role,0,Catalina Sandino Moreno,Maria Full of Grace
2007,Actor in a Supporting Role,0,Casey Affleck,The Assassination of Jesse James by the Coward Robert Ford
2016,Actor in a Leading Role,0,Casey Affleck,Manchester by the Sea
2006,Actress in a Supporting Role,0,Cate Blanchett,Notes on a Scandal
2015,Actress in a Leading Role,0,Cate Blanchett,Carol
2004,Actress in a Supporting Role,1,Cate Blanchett,The Aviator
1980,Actress in a Supporting Role,0,Cathy Moriarty,Raging Bull
1992,Actress in a Leading Role,0,Catherine Deneuve,Indochine
1999,Actress in a Supporting Role,0,Catherine Keener,Being John Malkovich
2005,Actress in a Supporting Role,0,Catherine Keener,Capote
1967,Actor in a Supporting Role,0,Cecil Kellaway,Guess Who's Coming to Dinner
1947,Actor in a Supporting Role,0,Charles Bickford,The Farmer's Daughter
1948,Actor in a Supporting Role,0,Charles Bickford,Johnny Belinda
1961,Actor in a Leading Role,0,Charles Boyer,Fanny
1938,Actor in a Leading Role,0,Charles Boyer,Algiers
1940,Actor in a Leading Role,0,Charles Chaplin,The Great Dictator
1941,Actor in a Supporting Role,0,Charles Coburn,The Devil and Miss Jones
1946,Actor in a Supporting Role,0,Charles Coburn,The Green Years
1957,Actor in a Leading Role,0,Charles Laughton,Witness for the Prosecution
1982,Actor in a Supporting Role,0,Charles Durning,The Best Little Whorehouse in Texas
1983,Actor in a Supporting Role,0,Charles Durning,To Be or Not to Be
1935,Actor in a Leading Role,0,Charles Laughton,Mutiny on the Bounty
1959,Actor in a Leading Role,1,Charlton Heston,Ben-Hur
2003,Actress in a Leading Role,1,Charlize Theron,Monster
2005,Actress in a Leading Role,0,Charlize Theron,North Country
2015,Actress in a Leading Role,0,Charlotte Rampling,45 Years
1983,Actress in a Supporting Role,0,Cher,Silkwood
1994,Actor in a Supporting Role,0,Chazz Palminteri,Bullets over Broadway
1987,Actress in a Leading Role,1,Cher,Moonstruck
1929,Actress in a Leading Role,0,Corinne Griffith,The Divine Lady
1934,Actor in a Leading Role,1,Clark Gable,It Happened One Night
1937,Actress in a Supporting Role,0,Claire Trevor,Dead End
1960,Actor in a Supporting Role,0,Chill Wills,The Alamo
1970,Actor in a Supporting Role,0,Chief Dan George,Little Big Man
1972,Actress in a Leading Role,0,Cicely Tyson,Sounder
1975,Actor in a Supporting Role,0,Chris Sarandon,Dog Day Afternoon
1999,Actress in a Supporting Role,0,Chloí‚ Sevigny,Boys Don't Cry
2013,Actor in a Leading Role,0,Chiwetel Ejiofor,12 Years a Slave
2002,Actor in a Supporting Role,1,Chris Cooper,Adaptation
1978,Actor in a Supporting Role,1,Christopher Walken,The Deer Hunter
1984,Actress in a Supporting Role,0,Christine Lahti,Swing Shift
2010,Actor in a Supporting Role,1,Christian Bale,The Fighter
2015,Actor in a Supporting Role,0,Christian Bale,The Big Short
2002,Actor in a Supporting Role,0,Christopher Walken,Catch Me If You Can
2009,Actor in a Supporting Role,1,Christoph Waltz,Inglourious Basterds
2012,Actor in a Supporting Role,1,Christoph Waltz,Django Unchained
1954,Actress in a Supporting Role,0,Claire Trevor,The High and the Mighty
1935,Actor in a Leading Role,0,Clark Gable,Mutiny on the Bounty
1935,Actress in a Leading Role,0,Claudette Colbert,Private Worlds
1939,Actor in a Supporting Role,0,Claude Rains,Mr. Smith Goes to Washington
1946,Actor in a Supporting Role,0,Claude Rains,Notorious
1944,Actor in a Supporting Role,0,Clifton Webb,Laura
1968,Actor in a Leading Role,1,Cliff Robertson,Charly
1948,Actor in a Leading Role,0,Clifton Webb,Sitting Pretty
1952,Actress in a Supporting Role,0,Colette Marchand,Moulin Rouge
1971,Actress in a Supporting Role,1,Cloris Leachman,The Last Picture Show
1992,Actor in a Leading Role,0,Clint Eastwood,Unforgiven
2004,Actor in a Leading Role,0,Clint Eastwood,Million Dollar Baby
2004,Actor in a Supporting Role,0,Clive Owen,Closer
2009,Actor in a Leading Role,0,Colin Firth,A Single Man
2010,Actor in a Leading Role,1,Colin Firth,The King's Speech
1933,Actress in a Leading Role,0,Diana Wynyard,Cavalcade
1937,Actress in a Supporting Role,0,Dame May Whitty,Night Must Fall
1945,Actor in a Leading Role,0,Cornel Wilde,A Song to Remember
1963,Actress in a Supporting Role,0,Dame Edith Evans,Tom Jones
1967,Actress in a Leading Role,0,Dame Edith Evans,The Whisperers
1942,Actress in a Supporting Role,0,Dame May Whitty,Mrs. Miniver
1948,Actor in a Leading Role,0,Dan Dailey,When My Baby Smiles at Me
1989,Actor in a Supporting Role,0,Dan Aykroyd,Driving Miss Daisy
1949,Actor in a Supporting Role,1,Dean Jagger,Twelve O'Clock High
1954,Actor in a Leading Role,0,Dan O'Herlihy,Adventures of Robinson Crusoe
1958,Actor in a Leading Role,1,David Niven,Separate Tables
1968,Actor in a Supporting Role,0,Daniel Massey,Star!
1989,Actor in a Leading Role,1,Daniel Day Lewis,My Left Foot
1993,Actor in a Leading Role,0,Daniel Day-Lewis,In the Name of the Father
2012,Actor in a Leading Role,1,Daniel Day-Lewis,Lincoln
1989,Actor in a Supporting Role,0,Danny Aiello,Do the Right Thing
1992,Actor in a Supporting Role,0,David Paymer,Mr. Saturday Night
2005,Actor in a Leading Role,0,David Strathairn,"Good Night, and Good Luck."
1949,Actress in a Leading Role,0,Deborah Kerr,"Edward, My Son"
1964,Actress in a Leading Role,0,Debbie Reynolds,The Unsinkable Molly Brown
1988,Actor in a Supporting Role,0,Dean Stockwell,Married to the Mob
1960,Actress in a Leading Role,0,Deborah Kerr,The Sundowners
1972,Actress in a Leading Role,0,Diana Ross,Lady Sings the Blues
1974,Actress in a Leading Role,0,Diahann Carroll,Claudine
1982,Actress in a Leading Role,0,Debra Winger,An Officer and a Gentleman
1993,Actress in a Leading Role,0,Debra Winger,Shadowlands
1999,Actor in a Leading Role,0,Denzel Washington,The Hurricane
2011,Actor in a Leading Role,0,Demiíçn Bichir,A Better Life
2012,Actor in a Leading Role,0,Denzel Washington,Flight
2016,Actor in a Leading Role,0,Denzel Washington,Fences
2001,Actor in a Leading Role,1,Denzel Washington,Training Day
2016,Actor in a Supporting Role,0,Dev Patel,Lion
1980,Actress in a Supporting Role,0,Diana Scarwid,Inside Moves
1935,Actress in a Leading Role,0,Elisabeth Bergner,Escape Me Never
1939,Actress in a Supporting Role,0,Edna May Oliver,Drums along the Mohawk
1941,Actor in a Supporting Role,1,Donald Crisp,How Green Was My Valley
1956,Actor in a Supporting Role,0,Don Murray,Bus Stop
1957,Actress in a Supporting Role,0,Diane Varsi,Peyton Place
1963,Actress in a Supporting Role,0,Diane Cilento,Tom Jones
1974,Actress in a Supporting Role,0,Diane Ladd,Alice Doesn't Live Here Anymore
1977,Actress in a Leading Role,1,Diane Keaton,Annie Hall
2003,Actress in a Leading Role,0,Diane Keaton,Something's Gotta Give
2002,Actress in a Leading Role,0,Diane Lane,Unfaithful
1985,Actor in a Supporting Role,1,Don Ameche,Cocoon
1986,Actress in a Supporting Role,1,Dianne Wiest,Hannah and Her Sisters
1994,Actress in a Supporting Role,1,Dianne Wiest,Bullets over Broadway
2003,Actor in a Supporting Role,0,Djimon Hounsou,In America
2006,Actor in a Supporting Role,0,Djimon Hounsou,Blood Diamond
2004,Actor in a Leading Role,0,Don Cheadle,Hotel Rwanda
1947,Actor in a Supporting Role,1,Edmund Gwenn,Miracle on 34th Street
1947,Actress in a Leading Role,0,Dorothy McGuire,Gentleman's Agreement
1953,Actress in a Supporting Role,1,Donna Reed,From Here to Eternity
1954,Actress in a Leading Role,0,Dorothy Dandridge,Carmen Jones
1959,Actress in a Leading Role,0,Doris Day,Pillow Talk
1956,Actress in a Supporting Role,1,Dorothy Malone,Written on the Wind
1950,Actor in a Supporting Role,0,Edmund Gwenn,Mister 880
1953,Actor in a Supporting Role,0,Eddie Albert,Roman Holiday
1959,Actor in a Supporting Role,0,Ed Wynn,The Diary of Anne Frank
1962,Actor in a Supporting Role,1,Ed Begley,Sweet Bird of Youth
1967,Actor in a Leading Role,0,Dustin Hoffman,The Graduate
1981,Actor in a Leading Role,0,Dudley Moore,Arthur
1982,Actor in a Leading Role,0,Dustin Hoffman,Tootsie
1997,Actor in a Leading Role,0,Dustin Hoffman,Wag the Dog
1979,Actor in a Leading Role,1,Dustin Hoffman,Kramer vs. Kramer
1995,Actor in a Supporting Role,0,Ed Harris,Apollo 13
2002,Actor in a Supporting Role,0,Ed Harris,The Hours
1972,Actor in a Supporting Role,0,Eddie Albert,The Heartbreak Kid
1954,Actor in a Supporting Role,1,Edmond O'Brien,The Barefoot Contessa
2006,Actor in a Supporting Role,0,Eddie Murphy,Dreamgirls
2014,Actor in a Leading Role,1,Eddie Redmayne,The Theory of Everything
2015,Actor in a Leading Role,0,Eddie Redmayne,The Danish Girl
1964,Actor in a Supporting Role,0,Edmond O'Brien,Seven Days in May
1950,Actress in a Leading Role,0,Eleanor Parker,Caged
1956,Actress in a Supporting Role,0,Eileen Heckart,The Bad Seed
1980,Actress in a Supporting Role,0,Eileen Brennan,Private Benjamin
1988,Actor in a Leading Role,0,Edward James Olmos,Stand and Deliver
1996,Actor in a Supporting Role,0,Edward Norton,Primal Fear
2014,Actor in a Supporting Role,0,Edward Norton,Birdman or (The Unexpected Virtue of Ignorance)
1972,Actress in a Supporting Role,1,Eileen Heckart,Butterflies Are Free
1955,Actress in a Leading Role,0,Eleanor Parker,Interrupted Melody
1948,Actress in a Supporting Role,0,Ellen Corby,I Remember Mama
1957,Actress in a Leading Role,0,Elizabeth Taylor,Raintree County
1965,Actress in a Leading Role,0,Elizabeth Hartman,A Patch of Blue
1995,Actress in a Leading Role,0,Elisabeth Shue,Leaving Las Vegas
1966,Actress in a Leading Role,1,Elizabeth Taylor,Who's Afraid of Virginia Woolf?
1981,Actress in a Supporting Role,0,Elizabeth McGovern,Ragtime
1960,Actress in a Leading Role,1,Elizabeth Taylor,Butterfield 8
1971,Actress in a Supporting Role,0,Ellen Burstyn,The Last Picture Show
2000,Actress in a Leading Role,0,Ellen Burstyn,Requiem for a Dream
1949,Actress in a Supporting Role,0,Elsa Lanchester,Come to the Stable
1969,Actor in a Supporting Role,0,Elliott Gould,Bob & Carol & Ted & Alice
2007,Actress in a Leading Role,0,Ellen Page,Juno
1957,Actress in a Supporting Role,0,Elsa Lanchester,Witness for the Prosecution
1928,Actress in a Leading Role,1,Janet Gaynor,7th Heaven
1928,Actress in a Leading Role,0,Gloria Swanson,Sadie Thompson
1929,Actor in a Leading Role,0,George Bancroft,Thunderbolt
1930,Actor in a Leading Role,1,George Arliss,Disraeli
1931,Actor in a Leading Role,0,Fredric March,The Royal Family of Broadway
1934,Actor in a Leading Role,0,Frank Morgan,The Affairs of Cellini
1935,Actor in a Leading Role,0,Franchot Tone,Mutiny on the Bounty
1938,Actress in a Supporting Role,1,Fay Bainter,Jezebel
1944,Actress in a Supporting Role,1,Ethel Barrymore,None but the Lonely Heart
1950,Actor in a Supporting Role,0,Erich von Stroheim,Sunset Blvd.
1985,Actor in a Supporting Role,0,Eric Roberts,Runaway Train
1992,Actress in a Leading Role,1,Emma Thompson,Howards End
1996,Actress in a Leading Role,0,Emily Watson,Breaking the Waves
1998,Actress in a Leading Role,0,Emily Watson,Hilary and Jackie
2014,Actress in a Supporting Role,0,Emma Stone,Birdman or (The Unexpected Virtue of Ignorance)
2016,Actress in a Leading Role,0,Emma Stone,La La Land
1995,Actress in a Leading Role,0,Emma Thompson,Sense and Sensibility
2012,Actress in a Leading Role,0,Emmanuelle Riva,Amour
1955,Actor in a Leading Role,1,Ernest Borgnine,Marty
1967,Actress in a Supporting Role,1,Estelle Parsons,Bonnie and Clyde
1968,Actress in a Supporting Role,0,Estelle Parsons,"Rachel, Rachel"
2001,Actor in a Supporting Role,0,Ethan Hawke,Training Day
2014,Actor in a Supporting Role,0,Ethan Hawke,Boyhood
1949,Actress in a Supporting Role,0,Ethel Barrymore,Pinky
1949,Actress in a Supporting Role,0,Ethel Waters,Pinky
1954,Actress in a Supporting Role,1,Eva Marie Saint,On the Waterfront
1980,Actress in a Supporting Role,0,Eva Le Gallienne,Resurrection
1961,Actress in a Supporting Role,0,Fay Bainter,The Children's Hour
1984,Actor in a Leading Role,1,F. Murray Abraham,Amadeus
1938,Actress in a Leading Role,0,Fay Bainter,White Banners
1946,Actress in a Supporting Role,0,Flora Robson,Saratoga Trunk
1967,Actress in a Leading Role,0,Faye Dunaway,Bonnie and Clyde
1976,Actress in a Leading Role,1,Faye Dunaway,Network
1998,Actress in a Leading Role,0,Fernanda Montenegro,Central Station
2005,Actress in a Leading Role,0,Felicity Huffman,Transamerica
2014,Actress in a Leading Role,0,Felicity Jones,The Theory of Everything
1988,Actress in a Supporting Role,0,Frances McDormand,Mississippi Burning
2006,Actor in a Leading Role,1,Forest Whitaker,The Last King of Scotland
2005,Actress in a Supporting Role,0,Frances McDormand,North Country
1942,Actor in a Supporting Role,0,Frank Morgan,Tortilla Flat
1965,Actor in a Supporting Role,0,Frank Finlay,Othello
2008,Actor in a Leading Role,0,Frank Langella,Frost/Nixon
1937,Actor in a Leading Role,0,Fredric March,A Star Is Born
1953,Actor in a Supporting Role,1,Frank Sinatra,From Here to Eternity
1955,Actor in a Leading Role,0,Frank Sinatra,The Man with the Golden Arm
1974,Actor in a Supporting Role,0,Fred Astaire,The Towering Inferno
1979,Actor in a Supporting Role,0,Frederic Forrest,The Rose
1951,Actor in a Leading Role,0,Fredric March,Death of a Salesman
1932,Actor in a Leading Role,1,Fredric March,Dr. Jekyll and Mr. Hyde
1936,Actress in a Supporting Role,1,Gale Sondergaard,Anthony Adverse
2009,Actress in a Leading Role,0,Gabourey Sidibe,Precious: Based on the Novel 'Push' by Sapphire
1946,Actress in a Supporting Role,0,Gale Sondergaard,Anna and the King of Siam
1952,Actor in a Leading Role,1,Gary Cooper,High Noon
1978,Actor in a Leading Role,0,Gary Busey,The Buddy Holly Story
1967,Actor in a Supporting Role,0,Gene Hackman,Bonnie and Clyde
1974,Actress in a Leading Role,0,Gena Rowlands,A Woman under the Influence
1988,Actress in a Supporting Role,1,Geena Davis,The Accidental Tourist
1994,Actor in a Supporting Role,0,Gary Sinise,Forrest Gump
2011,Actor in a Leading Role,0,Gary Oldman,Tinker Tailor Soldier Spy
1991,Actress in a Leading Role,0,Geena Davis,Thelma & Louise
1980,Actress in a Leading Role,0,Gena Rowlands,Gloria
1988,Actor in a Leading Role,0,Gene Hackman,Mississippi Burning
1992,Actor in a Supporting Role,1,Gene Hackman,Unforgiven
1971,Actor in a Leading Role,1,Gene Hackman,The French Connection
1996,Actor in a Leading Role,1,Geoffrey Rush,Shine
2010,Actor in a Supporting Role,0,Geoffrey Rush,The King's Speech
1930,Actor in a Leading Role,0,George Arliss,The Green Goddess
1930,Actress in a Leading Role,0,Gloria Swanson,The Trespasser
1936,Actress in a Leading Role,0,Gladys George,Valiant Is the Word for Carrie
1939,Actress in a Supporting Role,0,Geraldine Fitzgerald,Wuthering Heights
1950,Actor in a Supporting Role,1,George Sanders,All about Eve
1959,Actor in a Supporting Role,0,George C. Scott,Anatomy of a Murder
1975,Actor in a Supporting Role,1,George Burns,The Sunshine Boys
1971,Actor in a Leading Role,0,George C. Scott,The Hospital
2005,Actor in a Supporting Role,1,George Clooney,Syriana
2011,Actor in a Leading Role,0,George Clooney,The Descendants
1966,Actor in a Supporting Role,0,George Segal,Who's Afraid of Virginia Woolf?
1940,Actress in a Leading Role,1,Ginger Rogers,Kitty Foyle
1951,Actor in a Supporting Role,0,Gig Young,Come Fill the Cup
1953,Actress in a Supporting Role,0,Geraldine Page,Hondo
1985,Actress in a Leading Role,1,Geraldine Page,The Trip to Bountiful
1990,Actor in a Leading Role,0,Gerard Depardieu,Cyrano de Bergerac
1942,Actress in a Supporting Role,0,Gladys Cooper,"Now, Voyager"
1964,Actress in a Supporting Role,0,Gladys Cooper,My Fair Lady
1947,Actress in a Supporting Role,0,Gloria Grahame,Crossfire
1970,Actress in a Leading Role,1,Glenda Jackson,Women in Love
1975,Actress in a Leading Role,0,Glenda Jackson,Hedda
1982,Actress in a Supporting Role,0,Glenn Close,The World According to Garp
2011,Actress in a Leading Role,0,Glenn Close,Albert Nobbs
1952,Actress in a Supporting Role,1,Gloria Grahame,The Bad and the Beautiful
1997,Actress in a Supporting Role,0,Gloria Stuart,Titanic
1930,Actress in a Leading Role,0,Greta Garbo,Anna Christie
1934,Actress in a Leading Role,0,Grace Moore,One Night of Love
1953,Actress in a Supporting Role,0,Grace Kelly,Mogambo
1960,Actress in a Supporting Role,0,Glynis Johns,The Sundowners
1969,Actress in a Supporting Role,1,Goldie Hawn,Cactus Flower
1980,Actress in a Leading Role,0,Goldie Hawn,Private Benjamin
1954,Actress in a Leading Role,1,Grace Kelly,The Country Girl
1937,Actress in a Leading Role,0,Greta Garbo,Camille
1939,Actress in a Leading Role,0,Greer Garson,"Goodbye, Mr. Chips"
1964,Actress in a Supporting Role,0,Grayson Hall,The Night of the Iguana
1990,Actor in a Supporting Role,0,Graham Greene,Dances With Wolves
1960,Actress in a Leading Role,0,Greer Garson,Sunrise at Campobello
1962,Actor in a Leading Role,1,Gregory Peck,To Kill a Mockingbird
1997,Actor in a Supporting Role,0,Greg Kinnear,As Good as It Gets
1939,Actress in a Leading Role,0,Greta Garbo,Ninotchka
1931,Actor in a Leading Role,0,Jackie Cooper,Skippy
1931,Actress in a Leading Role,0,Irene Dunne,Cimarron
1932,Actress in a Leading Role,1,Helen Hayes,The Sin of Madelon Claudet
1937,Actor in a Supporting Role,0,H. B. Warner,Lost Horizon
1998,Actress in a Leading Role,1,Gwyneth Paltrow,Shakespeare in Love
1939,Actress in a Supporting Role,1,Hattie McDaniel,Gone with the Wind
1939,Actor in a Supporting Role,0,Harry Carey,Mr. Smith Goes to Washington
1946,Actor in a Supporting Role,1,Harold Russell,The Best Years of Our Lives
1984,Actor in a Supporting Role,1,Haing S. Ngor,The Killing Fields
2010,Actress in a Supporting Role,0,Hailee Steinfeld,True Grit
1999,Actor in a Supporting Role,0,Haley Joel Osment,The Sixth Sense
2007,Actor in a Supporting Role,0,Hal Holbrook,Into the Wild
2001,Actress in a Leading Role,1,Halle Berry,Monster's Ball
1985,Actor in a Leading Role,0,Harrison Ford,Witness
1991,Actor in a Supporting Role,0,Harvey Keitel,Bugsy
1970,Actress in a Supporting Role,1,Helen Hayes,Airport
2005,Actor in a Leading Role,0,Heath Ledger,Brokeback Mountain
2008,Actor in a Supporting Role,1,Heath Ledger,The Dark Knight
1936,Actress in a Leading Role,0,Irene Dunne,Theodora Goes Wild
1940,Actor in a Leading Role,0,Henry Fonda,The Grapes of Wrath
1994,Actress in a Supporting Role,0,Helen Mirren,The Madness of King George
1997,Actress in a Leading Role,1,Helen Hunt,As Good as It Gets
2012,Actress in a Supporting Role,0,Helen Hunt,The Sessions
1997,Actress in a Leading Role,0,Helena Bonham Carter,The Wings of the Dove
2010,Actress in a Supporting Role,0,Helena Bonham Carter,The King's Speech
1981,Actor in a Leading Role,1,Henry Fonda,On Golden Pond
1981,Actor in a Supporting Role,0,Ian Holm,Chariots of Fire
1987,Actress in a Leading Role,0,Holly Hunter,Broadcast News
1999,Actress in a Leading Role,1,Hilary Swank,Boys Don't Cry
2004,Actress in a Leading Role,1,Hilary Swank,Million Dollar Baby
1993,Actress in a Supporting Role,0,Holly Hunter,The Firm
2012,Actor in a Leading Role,0,Hugh Jackman,Les Misí©rables
1998,Actor in a Leading Role,0,Ian McKellen,Gods and Monsters
2001,Actor in a Supporting Role,0,Ian McKellen,The Lord of the Rings: The Fellowship of the Ring
2004,Actress in a Leading Role,0,Imelda Staunton,Vera Drake
1939,Actress in a Leading Role,0,Irene Dunne,Love Affair
1940,Actor in a Supporting Role,0,Jack Oakie,The Great Dictator
1943,Actor in a Supporting Role,0,J. Carrol Naish,Sahara
1975,Actress in a Leading Role,0,Isabelle Adjani,The Story of Adele H.
1989,Actress in a Leading Role,0,Isabelle Adjani,Camille Claudel
2016,Actress in a Leading Role,0,Isabelle Huppert,Elle
1945,Actor in a Supporting Role,0,J. Carrol Naish,A Medal for Benny
1955,Actor in a Supporting Role,1,Jack Lemmon,Mister Roberts
1960,Actor in a Supporting Role,0,Jack Kruschen,The Apartment
1968,Actor in a Supporting Role,1,Jack Albertson,The Subject Was Roses
2014,Actor in a Supporting Role,1,J.K. Simmons,Whiplash
1973,Actor in a Supporting Role,0,Jack Gilford,Save the Tiger
1962,Actor in a Leading Role,0,Jack Lemmon,Days of Wine and Roses
1982,Actor in a Leading Role,0,Jack Lemmon,Missing
1960,Actor in a Leading Role,0,Jack Lemmon,The Apartment
1969,Actor in a Supporting Role,0,Jack Nicholson,Easy Rider
2002,Actor in a Leading Role,0,Jack Nicholson,About Schmidt
1952,Actor in a Supporting Role,0,Jack Palance,Sudden Fear
1991,Actor in a Supporting Role,1,Jack Palance,City Slickers
2010,Actress in a Supporting Role,0,Jacki Weaver,Animal Kingdom
2012,Actress in a Supporting Role,0,Jacki Weaver,Silver Linings Playbook
1937,Actress in a Leading Role,0,Janet Gaynor,A Star Is Born
1938,Actor in a Leading Role,0,James Cagney,Angels with Dirty Faces
1961,Actor in a Supporting Role,0,Jackie Gleason,The Hustler
2006,Actor in a Supporting Role,0,Jackie Earle Haley,Little Children
1972,Actor in a Supporting Role,0,James Caan,The Godfather
2005,Actor in a Supporting Role,0,Jake Gyllenhaal,Brokeback Mountain
1955,Actor in a Leading Role,0,James Cagney,Love Me or Leave Me
1955,Actor in a Leading Role,0,James Dean,East of Eden
1981,Actor in a Supporting Role,0,James Coco,Only When I Laugh
1998,Actor in a Supporting Role,1,James Coburn,Affliction
1995,Actor in a Supporting Role,0,James Cromwell,Babe
1956,Actor in a Leading Role,0,James Dean,Giant
1959,Actor in a Leading Role,0,James Stewart,Anatomy of a Murder
1966,Actor in a Supporting Role,0,James Mason,Georgy Girl
1970,Actor in a Leading Role,0,James Earl Jones,The Great White Hope
1982,Actor in a Supporting Role,0,James Mason,The Verdict
1985,Actor in a Leading Role,0,James Garner,Murphy's Romance
2010,Actor in a Leading Role,0,James Franco,127 Hours
1969,Actress in a Leading Role,0,Jane Fonda,"They Shoot Horses, Don't They?"
1970,Actress in a Leading Role,0,Jane Alexander,The Great White Hope
1975,Actor in a Leading Role,0,James Whitmore,"Give 'em Hell, Harry!"
1976,Actress in a Supporting Role,0,Jane Alexander,All the President's Men
1986,Actor in a Leading Role,0,James Woods,Salvador
1996,Actor in a Supporting Role,0,James Woods,Ghosts of Mississippi
2004,Actor in a Leading Role,1,Jamie Foxx,Ray
2004,Actor in a Supporting Role,0,Jamie Foxx,Collateral
1983,Actress in a Leading Role,0,Jane Alexander,Testament
1971,Actress in a Leading Role,1,Jane Fonda,Klute
1986,Actress in a Leading Role,0,Jane Fonda,The Morning After
1928,Actor in a Leading Role,0,Richard Barthelmess,The Noose
1928,Actress in a Leading Role,0,Louise Dresser,A Ship Comes In
1929,Actor in a Leading Role,0,Lewis Stone,The Patriot
1929,Actress in a Leading Role,0,Jeanne Eagels,The Letter
1943,Actress in a Leading Role,0,Jean Arthur,The More the Merrier
1960,Actress in a Supporting Role,0,Janet Leigh,Psycho
1971,Actress in a Leading Role,0,Janet Suzman,Nicholas and Alexandra
1999,Actress in a Leading Role,0,Janet McTeer,Tumbleweeds
2011,Actress in a Supporting Role,0,Janet McTeer,Albert Nobbs
1973,Actor in a Supporting Role,0,Jason Miller,The Exorcist
2013,Actor in a Supporting Role,1,Jared Leto,Dallas Buyers Club
1976,Actor in a Supporting Role,1,Jason Robards,All the President's Men
1980,Actor in a Supporting Role,0,Jason Robards,Melvin and Howard
1992,Actor in a Supporting Role,0,Jaye Davidson,The Crying Game
2000,Actor in a Leading Role,0,Javier Bardem,Before Night Falls
2010,Actor in a Leading Role,0,Javier Bardem,Biutiful
1948,Actress in a Supporting Role,0,Jean Simmons,Hamlet
1952,Actress in a Supporting Role,0,Jean Hagen,Singin' in the Rain
2011,Actor in a Leading Role,1,Jean Dujardin,The Artist
1969,Actress in a Leading Role,0,Jean Simmons,The Happy Ending
1949,Actress in a Leading Role,0,Jeanne Crain,Pinky
1930,Actor in a Leading Role,0,Lawrence Tibbett,The Rogue Song
1933,Actress in a Leading Role,1,Katharine Hepburn,Morning Glory
1937,Actor in a Supporting Role,1,Joseph Schildkraut,The Life of Emile Zola
1938,Actor in a Supporting Role,0,John Garfield,Four Daughters
1940,Actress in a Leading Role,0,Joan Fontaine,Rebecca
1943,Actress in a Leading Role,1,Jennifer Jones,The Song of Bernadette
1950,Actor in a Supporting Role,0,Jeff Chandler,Broken Arrow
1971,Actor in a Supporting Role,0,Jeff Bridges,The Last Picture Show
1972,Actress in a Supporting Role,0,Jeannie Berlin,The Heartbreak Kid
1974,Actor in a Supporting Role,0,Jeff Bridges,Thunderbolt and Lightfoot
2016,Actor in a Supporting Role,0,Jeff Bridges,Hell or High Water
1955,Actress in a Leading Role,0,Jennifer Jones,Love Is a Many-Splendored Thing
2001,Actress in a Supporting Role,1,Jennifer Connelly,A Beautiful Mind
2006,Actress in a Supporting Role,1,Jennifer Hudson,Dreamgirls
2015,Actress in a Supporting Role,0,Jennifer Jason Leigh,The Hateful Eight
1946,Actress in a Leading Role,0,Jennifer Jones,Duel in the Sun
1947,Actress in a Leading Role,0,Joan Crawford,Possessed
1951,Actress in a Supporting Role,0,Joan Blondell,The Blue Veil
1955,Actress in a Supporting Role,1,Jo Van Fleet,East of Eden
1978,Actress in a Leading Role,0,Jill Clayburgh,An Unmarried Woman
1982,Actress in a Supporting Role,1,Jessica Lange,Tootsie
1990,Actor in a Leading Role,1,Jeremy Irons,Reversal of Fortune
1994,Actress in a Supporting Role,0,Jennifer Tilly,Bullets over Broadway
2010,Actress in a Leading Role,0,Jennifer Lawrence,Winter's Bone
2015,Actress in a Leading Role,0,Jennifer Lawrence,Joy
1994,Actress in a Leading Role,1,Jessica Lange,Blue Sky
2009,Actor in a Leading Role,0,Jeremy Renner,The Hurt Locker
2010,Actor in a Supporting Role,0,Jeremy Renner,The Town
2011,Actress in a Supporting Role,0,Jessica Chastain,The Help
2012,Actress in a Leading Role,0,Jessica Chastain,Zero Dark Thirty
1989,Actress in a Leading Role,0,Jessica Lange,Music Box
1991,Actress in a Supporting Role,0,Jessica Tandy,Fried Green Tomatoes
1979,Actress in a Leading Role,0,Jill Clayburgh,Starting Over
2001,Actor in a Supporting Role,1,Jim Broadbent,Iris
1995,Actress in a Supporting Role,0,Joan Allen,Nixon
2000,Actress in a Leading Role,0,Joan Allen,The Contender
1952,Actress in a Leading Role,0,Joan Crawford,Sudden Fear
1988,Actress in a Supporting Role,0,Joan Cusack,Working Girl
1997,Actress in a Supporting Role,0,Joan Cusack,In & Out
1941,Actress in a Leading Role,1,Joan Fontaine,Suspicion
1945,Actor in a Supporting Role,0,John Dall,The Corn Is Green
1945,Actress in a Supporting Role,0,Joan Lorring,The Corn Is Green
1981,Actress in a Supporting Role,0,Joan Hackett,Only When I Laugh
1955,Actor in a Supporting Role,0,Joe Mantell,Marty
1957,Actress in a Leading Role,1,Joanne Woodward,The Three Faces of Eve
1992,Actress in a Supporting Role,0,Joan Plowright,Enchanted April
1990,Actress in a Leading Role,0,Joanne Woodward,Mr. & Mrs. Bridge
1991,Actress in a Leading Role,1,Jodie Foster,The Silence of the Lambs
2000,Actor in a Supporting Role,0,Joaquin Phoenix,Gladiator
2012,Actor in a Leading Role,0,Joaquin Phoenix,The Master
1994,Actress in a Leading Role,0,Jodie Foster,Nell
1967,Actor in a Supporting Role,0,John Cassavetes,The Dirty Dozen
1972,Actor in a Supporting Role,1,Joel Grey,Cabaret
1980,Actor in a Supporting Role,0,Joe Pesci,Raging Bull
1990,Actor in a Supporting Role,1,Joe Pesci,Good Fellas
2002,Actor in a Supporting Role,0,John C. Reilly,Chicago
1947,Actor in a Leading Role,0,John Garfield,Body and Soul
1949,Actor in a Leading Role,0,John Wayne,Sands of Iwo Jima
1949,Actor in a Supporting Role,0,John Ireland,All the King's Men
1963,Actor in a Supporting Role,0,John Huston,The Cardinal
1964,Actor in a Supporting Role,0,John Gielgud,Becket
1981,Actor in a Supporting Role,1,John Gielgud,Arthur
2010,Actor in a Supporting Role,0,John Hawkes,Winter's Bone
1969,Actor in a Leading Role,1,John Wayne,True Grit
1970,Actor in a Supporting Role,1,John Mills,Ryan's Daughter
1970,Actor in a Supporting Role,0,John Marley,Love Story
1982,Actor in a Supporting Role,0,John Lithgow,The World According to Garp
1983,Actor in a Supporting Role,0,John Lithgow,Terms of Endearment
1984,Actor in a Supporting Role,0,John Malkovich,Places in the Heart
1993,Actor in a Supporting Role,0,John Malkovich,In the Line of Fire
1977,Actor in a Leading Role,0,John Travolta,Saturday Night Fever
1994,Actor in a Leading Role,0,John Travolta,Pulp Fiction
1969,Actor in a Leading Role,0,Jon Voight,Midnight Cowboy
2003,Actor in a Leading Role,0,Johnny Depp,Pirates of the Caribbean: The Curse of the Black Pearl
2007,Actor in a Leading Role,0,Johnny Depp,Sweeney Todd The Demon Barber of Fleet Street
2001,Actor in a Supporting Role,0,Jon Voight,Ali
2011,Actor in a Supporting Role,0,Jonah Hill,Moneyball
2013,Actor in a Supporting Role,0,Jonah Hill,The Wolf of Wall Street
1940,Actress in a Leading Role,0,Katharine Hepburn,The Philadelphia Story
1940,Actress in a Supporting Role,0,Judith Anderson,Rebecca
1948,Actor in a Supporting Role,0,Josí© Ferrer,Joan of Arc
1950,Actress in a Supporting Role,1,Josephine Hull,Harvey
1952,Actor in a Leading Role,0,Josí© Ferrer,Moulin Rouge
2008,Actor in a Supporting Role,0,Josh Brolin,Milk
1950,Actor in a Leading Role,1,Josí© Ferrer,Cyrano de Bergerac
1959,Actress in a Supporting Role,0,Juanita Moore,Imitation of Life
1963,Actress in a Supporting Role,0,Joyce Redman,Tom Jones
1965,Actress in a Supporting Role,0,Joyce Redman,Othello
1980,Actor in a Supporting Role,0,Judd Hirsch,Ordinary People
1997,Actress in a Leading Role,0,Judi Dench,Mrs. Brown
1999,Actor in a Supporting Role,0,Jude Law,The Talented Mr. Ripley
2003,Actor in a Leading Role,0,Jude Law,Cold Mountain
2005,Actress in a Leading Role,0,Judi Dench,Mrs. Henderson Presents
2013,Actress in a Leading Role,0,Judi Dench,Philomena
1998,Actress in a Supporting Role,1,Judi Dench,Shakespeare in Love
1942,Actress in a Leading Role,0,Katharine Hepburn,Woman of the Year
1950,Actress in a Leading Role,1,Judy Holliday,Born Yesterday
1954,Actress in a Leading Role,0,Judy Garland,A Star Is Born
1984,Actress in a Leading Role,0,Judy Davis,A Passage to India
1992,Actress in a Supporting Role,0,Judy Davis,Husbands and Wives
1961,Actress in a Supporting Role,0,Judy Garland,Judgment at Nuremberg
1951,Actor in a Supporting Role,1,Karl Malden,A Streetcar Named Desire
1952,Actress in a Leading Role,0,Julie Harris,The Member of the Wedding
1964,Actress in a Leading Role,1,Julie Andrews,Mary Poppins
1989,Actress in a Supporting Role,0,Julia Roberts,Steel Magnolias
2013,Actress in a Supporting Role,0,Julia Roberts,August: Osage County
2014,Actress in a Leading Role,1,Julianne Moore,Still Alice
1982,Actress in a Leading Role,0,Julie Andrews,Victor/Victoria
1997,Actress in a Leading Role,0,Julie Christie,Afterglow
2007,Actress in a Leading Role,0,Julie Christie,Away from Her
1954,Actor in a Supporting Role,0,Karl Malden,On the Waterfront
1970,Actress in a Supporting Role,0,Karen Black,Five Easy Pieces
1979,Actor in a Supporting Role,0,Justin Henry,Kramer vs. Kramer
1983,Actress in a Leading Role,0,Julie Walters,Educating Rita
2000,Actress in a Supporting Role,0,Julie Walters,Billy Elliot
2013,Actress in a Supporting Role,0,June Squibb,Nebraska
1951,Actress in a Leading Role,0,Katharine Hepburn,The African Queen
1991,Actress in a Supporting Role,0,Kate Nelligan,The Prince of Tides
2000,Actress in a Supporting Role,0,Kate Hudson,Almost Famous
1995,Actress in a Supporting Role,0,Kate Winslet,Sense and Sensibility
2015,Actress in a Supporting Role,0,Kate Winslet,Steve Jobs
1981,Actress in a Leading Role,1,Katharine Hepburn,On Golden Pond
1935,Actress in a Leading Role,0,Katharine Hepburn,Alice Adams
1939,Actor in a Leading Role,0,Laurence Olivier,Wuthering Heights
1943,Actress in a Supporting Role,1,Katina Paxinou,For Whom the Bell Tolls
1967,Actress in a Supporting Role,0,Katharine Ross,The Graduate
1986,Actress in a Leading Role,0,Kathleen Turner,Peggy Sue Got Married
1995,Actress in a Supporting Role,0,Kathleen Quinlan,Apollo 13
1990,Actress in a Leading Role,1,Kathy Bates,Misery
2002,Actress in a Supporting Role,0,Kathy Bates,About Schmidt
1946,Actor in a Leading Role,0,Laurence Olivier,Henry V
1946,Actor in a Leading Role,0,Larry Parks,The Jolson Story
1949,Actor in a Leading Role,0,Kirk Douglas,Champion
1951,Actress in a Supporting Role,1,Kim Hunter,A Streetcar Named Desire
1951,Actor in a Supporting Role,0,Kevin McCarthy,Death of a Salesman
1954,Actress in a Supporting Role,0,Katy Jurado,Broken Lance
1968,Actress in a Supporting Role,0,Kay Medford,Funny Girl
1988,Actor in a Supporting Role,1,Kevin Kline,A Fish Called Wanda
1989,Actor in a Leading Role,0,Kenneth Branagh,Henry V
2003,Actor in a Supporting Role,0,Ken Watanabe,The Last Samurai
2003,Actress in a Leading Role,0,Keisha Castle-Hughes,Whale Rider
2005,Actress in a Leading Role,0,Keira Knightley,Pride & Prejudice
2014,Actress in a Supporting Role,0,Keira Knightley,The Imitation Game
2011,Actor in a Supporting Role,0,Kenneth Branagh,My Week with Marilyn
1990,Actor in a Leading Role,0,Kevin Costner,Dances With Wolves
1995,Actor in a Supporting Role,1,Kevin Spacey,The Usual Suspects
1999,Actor in a Leading Role,1,Kevin Spacey,American Beauty
1952,Actor in a Leading Role,0,Kirk Douglas,The Bad and the Beautiful
1964,Actress in a Leading Role,0,Kim Stanley,Seance on a Wet Afternoon
1982,Actress in a Supporting Role,0,Kim Stanley,Frances
1956,Actor in a Leading Role,0,Kirk Douglas,Lust for Life
1957,Actress in a Leading Role,0,Lana Turner,Peyton Place
1985,Actor in a Supporting Role,0,Klaus Maria Brandauer,Out of Africa
1996,Actress in a Leading Role,0,Kristin Scott Thomas,The English Patient
1948,Actor in a Leading Role,1,Laurence Olivier,Hamlet
1959,Actor in a Leading Role,0,Laurence Harvey,Room at the Top
1991,Actress in a Leading Role,0,Laura Dern,Rambling Rose
2014,Actress in a Supporting Role,0,Laura Dern,Wild
1960,Actor in a Leading Role,0,Laurence Olivier,The Entertainer
1978,Actor in a Leading Role,0,Laurence Olivier,The Boys from Brazil
1940,Actor in a Leading Role,0,Laurence Olivier,Rebecca
1933,Actor in a Leading Role,0,Leslie Howard,Berkeley Square
1951,Actor in a Supporting Role,0,Leo Genn,Quo Vadis
1951,Actress in a Supporting Role,0,Lee Grant,Detective Story
1976,Actress in a Supporting Role,0,Lee Grant,Voyage of the Damned
1989,Actress in a Supporting Role,0,Lena Olin,"Enemies, A Love Story"
1953,Actress in a Leading Role,0,Leslie Caron,Lili
1971,Actor in a Supporting Role,0,Leonard Frey,Fiddler on the Roof
1977,Actress in a Supporting Role,0,Leslie Browne,The Turning Point
1982,Actress in a Supporting Role,0,Lesley Ann Warren,Victor/Victoria
1993,Actor in a Supporting Role,0,Leonardo DiCaprio,What's Eating Gilbert Grape
2015,Actor in a Leading Role,1,Leonardo DiCaprio,The Revenant
1963,Actress in a Leading Role,0,Leslie Caron,The L-Shaped Room
1938,Actor in a Leading Role,0,Leslie Howard,Pygmalion
1948,Actor in a Leading Role,0,Lew Ayres,Johnny Belinda
1931,Actor in a Leading Role,1,Lionel Barrymore,A Free Soul
1946,Actress in a Supporting Role,0,Lillian Gish,Duel in the Sun
1963,Actress in a Supporting Role,0,Lilia Skala,Lilies of the Field
1964,Actress in a Supporting Role,1,Lila Kedrova,Zorba the Greek
1993,Actor in a Leading Role,0,Liam Neeson,Schindler's List
1973,Actress in a Supporting Role,0,Linda Blair,The Exorcist
1975,Actress in a Supporting Role,0,Lily Tomlin,Nashville
1983,Actress in a Supporting Role,1,Linda Hunt,The Year of Living Dangerously
1984,Actress in a Supporting Role,0,Lindsay Crouse,Places in the Heart
1947,Actress in a Leading Role,1,Loretta Young,The Farmer's Daughter
1969,Actress in a Leading Role,0,Liza Minnelli,The Sterile Cuckoo
1972,Actress in a Leading Role,0,Liv Ullmann,The Emigrants
1976,Actress in a Leading Role,0,Liv Ullmann,Face to Face
1972,Actress in a Leading Role,1,Liza Minnelli,Cabaret
1949,Actress in a Leading Role,0,Loretta Young,Come to the Stable
1950,Actor in a Leading Role,0,Louis Calhern,The Magnificent Yankee
1961,Actress in a Supporting Role,0,Lotte Lenya,The Roman Spring of Mrs. Stone
1990,Actress in a Supporting Role,0,Lorraine Bracco,Good Fellas
1929,Actress in a Leading Role,1,Mary Pickford,Coquette
1931,Actress in a Leading Role,1,Marie Dressler,Min and Bill
1932,Actress in a Leading Role,0,Lynn Fontanne,The Guardsman
1936,Actress in a Leading Role,1,Luise Rainer,The Great Ziegfeld
1943,Actress in a Supporting Role,0,Lucile Watson,Watch on the Rhine
1975,Actress in a Leading Role,1,Louise Fletcher,One Flew over the Cuckoo's Nest
2016,Actor in a Supporting Role,0,Lucas Hedges,Manchester by the Sea
1937,Actress in a Leading Role,1,Luise Rainer,The Good Earth
1968,Actress in a Supporting Role,0,Lynn Carlin,Faces
2013,Actress in a Supporting Role,1,Lupita Nyong'o,12 Years a Slave
1936,Actress in a Supporting Role,0,Maria Ouspenskaya,Dodsworth
1938,Actress in a Leading Role,0,Margaret Sullavan,Three Comrades
1953,Actress in a Leading Role,0,Maggie McNamara,The Moon Is Blue
1966,Actress in a Leading Role,0,Lynn Redgrave,Georgy Girl
1998,Actress in a Supporting Role,0,Lynn Redgrave,Gods and Monsters
2009,Actress in a Supporting Role,0,Maggie Gyllenhaal,Crazy Heart
1962,Actor in a Leading Role,0,Marcello Mastroianni,Divorce--Italian Style
1965,Actress in a Supporting Role,0,Maggie Smith,Othello
2001,Actress in a Supporting Role,0,Maggie Smith,Gosford Park
2016,Actor in a Supporting Role,0,Mahershala Ali,Moonlight
1963,Actress in a Supporting Role,1,Margaret Rutherford,The V.I.P.s
1971,Actress in a Supporting Role,0,Margaret Leighton,The Go-Between
1985,Actress in a Supporting Role,0,Margaret Avery,The Color Purple
1995,Actress in a Supporting Role,0,Mare Winningham,Georgia
2000,Actress in a Supporting Role,1,Marcia Gay Harden,Pollock
2003,Actress in a Supporting Role,0,Marcia Gay Harden,Mystic River
1939,Actress in a Supporting Role,0,Maria Ouspenskaya,Love Affair
1941,Actress in a Supporting Role,0,Margaret Wycherly,Sergeant York
1996,Actress in a Supporting Role,0,Marianne Jean-Baptiste,Secrets & Lies
1932,Actress in a Leading Role,0,Marie Dressler,Emma
1940,Actress in a Leading Role,0,Martha Scott,Our Town
1940,Actress in a Supporting Role,0,Marjorie Rambeau,Primrose Path
1947,Actress in a Supporting Role,0,Marjorie Main,The Egg and I
1955,Actress in a Supporting Role,0,Marisa Pavan,The Rose Tattoo
1976,Actress in a Leading Role,0,Marie-Christine Barrault,"Cousin, Cousine"
1979,Actress in a Supporting Role,0,Mariel Hemingway,Manhattan
2007,Actress in a Leading Role,1,Marion Cotillard,La Vie en Rose
2014,Actress in a Leading Role,0,Marion Cotillard,"Two Days, One Night"
1992,Actress in a Supporting Role,1,Marisa Tomei,My Cousin Vinny
2008,Actress in a Supporting Role,0,Marisa Tomei,The Wrestler
1953,Actress in a Supporting Role,0,Marjorie Rambeau,Torch Song
1951,Actor in a Leading Role,0,Marlon Brando,A Streetcar Named Desire
1986,Actress in a Leading Role,1,Marlee Matlin,Children of a Lesser God
2006,Actor in a Supporting Role,0,Mark Wahlberg,The Departed
2010,Actor in a Supporting Role,0,Mark Ruffalo,The Kids Are All Right
2015,Actor in a Supporting Role,0,Mark Ruffalo,Spotlight
1989,Actor in a Supporting Role,0,Marlon Brando,A Dry White Season
1973,Actor in a Leading Role,0,Marlon Brando,Last Tango in Paris
1973,Actress in a Leading Role,0,Marsha Mason,Cinderella Liberty
1981,Actress in a Leading Role,0,Marsha Mason,Only When I Laugh
1941,Actress in a Supporting Role,1,Mary Astor,The Great Lie
1965,Actor in a Supporting Role,1,Martin Balsam,A Thousand Clowns
1988,Actor in a Supporting Role,0,Martin Landau,Tucker The Man and His Dream
1994,Actor in a Supporting Role,1,Martin Landau,Ed Wood
1962,Actress in a Supporting Role,0,Mary Badham,To Kill a Mockingbird
1986,Actress in a Supporting Role,0,Mary Elizabeth Mastrantonio,The Color of Money
1990,Actress in a Supporting Role,0,Mary McDonnell,Dances With Wolves
1992,Actress in a Leading Role,0,Mary McDonnell,Passion Fish
1929,Actor in a Leading Role,0,Paul Muni,The Valiant
1930,Actress in a Leading Role,1,Norma Shearer,The Divorcee
1930,Actor in a Leading Role,0,Maurice Chevalier,The Big Pond
1958,Actress in a Supporting Role,0,Maureen Stapleton,Lonelyhearts
1960,Actress in a Supporting Role,0,Mary Ure,Sons and Lovers
1980,Actress in a Supporting Role,1,Mary Steenburgen,Melvin and Howard
1980,Actress in a Leading Role,0,Mary Tyler Moore,Ordinary People
1970,Actress in a Supporting Role,0,Maureen Stapleton,Airport
1995,Actor in a Leading Role,0,Massimo Troisi,The Postman (Il Postino)
1997,Actor in a Leading Role,0,Matt Damon,Good Will Hunting
2015,Actor in a Leading Role,0,Matt Damon,The Martian
1981,Actress in a Supporting Role,1,Maureen Stapleton,Reds
1930,Actress in a Leading Role,0,Nancy Carroll,The Devil's Holiday
1933,Actress in a Leading Role,0,May Robson,Lady for a Day
1961,Actor in a Leading Role,1,Maximilian Schell,Judgment at Nuremberg
1988,Actor in a Leading Role,0,Max von Sydow,Pelle the Conqueror
2011,Actor in a Supporting Role,0,Max von Sydow,Extremely Loud & Incredibly Close
1977,Actor in a Supporting Role,0,Maximilian Schell,Julia
1935,Actress in a Leading Role,0,Miriam Hopkins,Becky Sharp
1935,Actress in a Leading Role,0,Merle Oberon,The Dark Angel
1949,Actress in a Supporting Role,1,Mercedes McCambridge,All the King's Men
1960,Actress in a Leading Role,0,Melina Mercouri,Never on Sunday
1985,Actress in a Supporting Role,0,Meg Tilly,Agnes of God
1988,Actress in a Leading Role,0,Melanie Griffith,Working Girl
1963,Actor in a Supporting Role,1,Melvyn Douglas,Hud
1977,Actress in a Supporting Role,0,Melinda Dillon,Close Encounters of the Third Kind
1981,Actress in a Supporting Role,0,Melinda Dillon,Absence of Malice
2008,Actress in a Leading Role,0,Melissa Leo,Frozen River
2010,Actress in a Supporting Role,1,Melissa Leo,The Fighter
2011,Actress in a Supporting Role,0,Melissa McCarthy,Bridesmaids
1970,Actor in a Leading Role,0,Melvyn Douglas,I Never Sang for My Father
1956,Actress in a Supporting Role,0,Mercedes McCambridge,Giant
1991,Actress in a Supporting Role,1,Mercedes Ruehl,The Fisher King
1938,Actress in a Supporting Role,0,Miliza Korjus,The Great Waltz
1939,Actor in a Leading Role,0,Mickey Rooney,Babes in Arms
1945,Actor in a Supporting Role,0,Michael Chekhov,Spellbound
1966,Actor in a Leading Role,0,Michael Caine,Alfie
1978,Actress in a Supporting Role,0,Meryl Streep,The Deer Hunter
2016,Actress in a Leading Role,0,Meryl Streep,Florence Foster Jenkins
1972,Actor in a Leading Role,0,Michael Caine,Sleuth
1947,Actor in a Leading Role,0,Michael Redgrave,Mourning Becomes Electra
1965,Actor in a Supporting Role,0,Michael Dunn,Ship of Fools
1987,Actor in a Leading Role,1,Michael Douglas,Wall Street
1999,Actor in a Supporting Role,0,Michael Clarke Duncan,The Green Mile
1967,Actor in a Supporting Role,0,Michael J. Pollard,Bonnie and Clyde
2013,Actor in a Supporting Role,0,Michael Fassbender,12 Years a Slave
2015,Actor in a Leading Role,0,Michael Fassbender,Steve Jobs
1980,Actor in a Supporting Role,0,Michael O'Keefe,The Great Santini
1991,Actor in a Supporting Role,0,Michael Lerner,Barton Fink
2014,Actor in a Leading Role,0,Michael Keaton,Birdman or (The Unexpected Virtue of Ignorance)
1956,Actor in a Supporting Role,0,Mickey Rooney,The Bold and the Brave
1974,Actor in a Supporting Role,0,Michael V. Gazzo,The Godfather Part II
2008,Actor in a Supporting Role,0,Michael Shannon,Revolutionary Road
2016,Actor in a Supporting Role,0,Michael Shannon,Nocturnal Animals
1979,Actor in a Supporting Role,0,Mickey Rooney,The Black Stallion
1988,Actress in a Supporting Role,0,Michelle Pfeiffer,Dangerous Liaisons
1992,Actress in a Leading Role,0,Michelle Pfeiffer,Love Field
2005,Actress in a Supporting Role,0,Michelle Williams,Brokeback Mountain
2016,Actress in a Supporting Role,0,Michelle Williams,Manchester by the Sea
1943,Actor in a Leading Role,0,Mickey Rooney,The Human Comedy
1951,Actress in a Supporting Role,0,Mildred Dunnock,Death of a Salesman
1977,Actor in a Supporting Role,0,Mikhail Baryshnikov,The Turning Point
2008,Actor in a Leading Role,0,Mickey Rourke,The Wrestler
1956,Actress in a Supporting Role,0,Mildred Dunnock,Baby Doll
1967,Actress in a Supporting Role,0,Mildred Natwick,Barefoot in the Park
1992,Actress in a Supporting Role,0,Miranda Richardson,Damage
1995,Actress in a Supporting Role,1,Mira Sorvino,Mighty Aphrodite
1997,Actress in a Supporting Role,0,Minnie Driver,Good Will Hunting
1994,Actress in a Leading Role,0,Miranda Richardson,Tom & Viv
1936,Actor in a Supporting Role,0,Mischa Auer,My Man Godfrey
1942,Actor in a Leading Role,0,Monty Woolley,The Pied Piper
1948,Actor in a Leading Role,0,Montgomery Clift,The Search
1957,Actress in a Supporting Role,1,Miyoshi Umeki,Sayonara
1961,Actor in a Supporting Role,0,Montgomery Clift,Judgment at Nuremberg
2009,Actress in a Supporting Role,1,Mo'Nique,Precious: Based on the Novel 'Push' by Sapphire
1953,Actor in a Leading Role,0,Montgomery Clift,From Here to Eternity
1944,Actor in a Supporting Role,0,Monty Woolley,Since You Went Away
1987,Actor in a Supporting Role,0,Morgan Freeman,Street Smart
2009,Actor in a Leading Role,0,Morgan Freeman,Invictus
1930,Actress in a Leading Role,0,Norma Shearer,Their Own Desire
1950,Actress in a Supporting Role,0,Nancy Olson,Sunset Blvd.
1956,Actress in a Leading Role,0,Nancy Kelly,The Bad Seed
1954,Actress in a Supporting Role,0,Nina Foch,Executive Suite
1955,Actress in a Supporting Role,0,Natalie Wood,Rebel without a Cause
2003,Actress in a Leading Role,0,Naomi Watts,21 Grams
2012,Actress in a Leading Role,0,Naomi Watts,The Impossible
2016,Actress in a Leading Role,0,Natalie Portman,Jackie
2016,Actress in a Supporting Role,0,Naomie Harris,Moonlight
1963,Actress in a Leading Role,0,Natalie Wood,Love with the Proper Stranger
1976,Actor in a Supporting Role,0,Ned Beatty,Network
1991,Actor in a Leading Role,0,Nick Nolte,The Prince of Tides
2011,Actor in a Supporting Role,0,Nick Nolte,Warrior
2016,Actress in a Supporting Role,0,Nicole Kidman,Lion
1984,Actor in a Supporting Role,0,Noriyuki 'Pat' Morita,The Karate Kid
1987,Actress in a Supporting Role,0,Norma Aleandro,Gaby - A True Story
1938,Actress in a Leading Role,0,Norma Shearer,Marie Antoinette
1933,Actor in a Leading Role,0,Paul Muni,I Am a Fugitive from a Chain Gang
1939,Actress in a Supporting Role,0,Olivia de Havilland,Gone with the Wind
2011,Actress in a Supporting Role,1,Octavia Spencer,The Help
2016,Actress in a Supporting Role,0,Octavia Spencer,Hidden Figures
1949,Actress in a Leading Role,1,Olivia de Havilland,The Heiress
1956,Actress in a Supporting Role,0,Patty McCormack,The Bad Seed
1962,Actress in a Supporting Role,1,Patty Duke,The Miracle Worker
1962,Actor in a Supporting Role,0,Omar Sharif,Lawrence of Arabia
1987,Actress in a Supporting Role,1,Olympia Dukakis,Moonstruck
1963,Actress in a Leading Role,1,Patricia Neal,Hud
1965,Actor in a Leading Role,0,Oskar Werner,Ship of Fools
1985,Actress in a Supporting Role,0,Oprah Winfrey,The Color Purple
1968,Actress in a Leading Role,0,Patricia Neal,The Subject Was Roses
2003,Actress in a Supporting Role,0,Patricia Clarkson,Pieces of April
2014,Actress in a Supporting Role,1,Patricia Arquette,Boyhood
1959,Actor in a Leading Role,0,Paul Muni,The Last Angry Man
2005,Actor in a Supporting Role,0,Paul Giamatti,Cinderella Man
1937,Actor in a Leading Role,0,Paul Muni,The Life of Emile Zola
1937,Actor in a Supporting Role,0,Ralph Bellamy,The Awful Truth
1943,Actress in a Supporting Role,0,Paulette Goddard,So Proudly We Hail!
1958,Actor in a Leading Role,0,Paul Newman,Cat on a Hot Tin Roof
2002,Actor in a Supporting Role,0,Paul Newman,Road to Perdition
1951,Actor in a Supporting Role,0,Peter Ustinov,Quo Vadis
1955,Actress in a Supporting Role,0,Peggy Lee,Pete Kelly's Blues
1958,Actress in a Supporting Role,0,Peggy Cass,Auntie Mame
1984,Actress in a Supporting Role,1,Peggy Ashcroft,A Passage to India
1989,Actress in a Leading Role,0,Pauline Collins,Shirley Valentine
1960,Actor in a Supporting Role,1,Peter Ustinov,Spartacus
1960,Actor in a Supporting Role,0,Peter Falk,"Murder, Inc."
1965,Actress in a Supporting Role,0,Peggy Wood,The Sound of Music
1978,Actress in a Supporting Role,0,Penelope Milford,Coming Home
1993,Actor in a Supporting Role,0,Pete Postlethwaite,In the Name of the Father
2006,Actress in a Leading Role,0,Pení©lope Cruz,Volver
2009,Actress in a Supporting Role,0,Pení©lope Cruz,Nine
1961,Actor in a Supporting Role,0,Peter Falk,Pocketful of Miracles
1962,Actor in a Leading Role,0,Peter O'Toole,Lawrence of Arabia
1971,Actor in a Leading Role,0,Peter Finch,Sunday Bloody Sunday
1976,Actor in a Leading Role,1,Peter Finch,Network
1977,Actor in a Supporting Role,0,Peter Firth,Equus
1980,Actor in a Leading Role,0,Peter O'Toole,The Stunt Man
1997,Actor in a Leading Role,0,Peter Fonda,Ulee's Gold
2006,Actor in a Leading Role,0,Peter O'Toole,Venus
1982,Actor in a Leading Role,0,Peter O'Toole,My Favorite Year
1969,Actor in a Leading Role,0,Peter O'Toole,"Goodbye, Mr. Chips"
1979,Actor in a Leading Role,0,Peter Sellers,Being There
1961,Actress in a Leading Role,0,Piper Laurie,The Hustler
2005,Actor in a Leading Role,1,Philip Seymour Hoffman,Capote
2012,Actor in a Supporting Role,0,Philip Seymour Hoffman,The Master
2019,oscar,1,Pikachu ,Detective Pikachu 
1986,Actress in a Supporting Role,0,Piper Laurie,Children of a Lesser God
1998,Actress in a Supporting Role,0,Rachel Griffiths,Hilary and Jackie
2002,Actress in a Supporting Role,0,Queen Latifah,Chicago
2012,Actress in a Leading Role,0,Quvenzhaní© Wallis,Beasts of the Southern Wild
2005,Actress in a Supporting Role,1,Rachel Weisz,The Constant Gardener
2015,Actress in a Supporting Role,0,Rachel McAdams,Spotlight
1940,Actor in a Leading Role,0,Raymond Massey,Abe Lincoln in Illinois
1945,Actor in a Leading Role,1,Ray Milland,The Lost Weekend
1949,Actor in a Supporting Role,0,Ralph Richardson,The Heiress
1993,Actor in a Supporting Role,0,Ralph Fiennes,Schindler's List
1996,Actor in a Leading Role,0,Ralph Fiennes,The English Patient
1984,Actor in a Supporting Role,0,Ralph Richardson,"Greystoke: The Legend of Tarzan, Lord of the Apes"
1957,Actor in a Supporting Role,1,Red Buttons,Sayonara
1963,Actor in a Leading Role,0,Rex Harrison,Cleopatra
2001,Actress in a Leading Role,0,Rení©e Zellweger,Bridget Jones's Diary
2005,Actress in a Leading Role,1,Reese Witherspoon,Walk the Line
2014,Actress in a Leading Role,0,Reese Witherspoon,Wild
2003,Actress in a Supporting Role,1,Rení©e Zellweger,Cold Mountain
1964,Actor in a Leading Role,1,Rex Harrison,My Fair Lady
1929,Actor in a Leading Role,1,Warner Baxter,In Old Arizona
1929,Actress in a Leading Role,0,Ruth Chatterton,Madame X
1930,Actor in a Leading Role,0,Ronald Colman,Bulldog Drummond
1931,Actor in a Leading Role,0,Richard Dix,Cimarron
1952,Actor in a Supporting Role,0,Richard Burton,My Cousin Rachel
1977,Actor in a Leading Role,0,Richard Burton,Equus
1937,Actor in a Leading Role,0,Robert Montgomery,Night Must Fall
1938,Actor in a Leading Role,0,Robert Donat,The Citadel
1947,Actor in a Supporting Role,0,Richard Widmark,Kiss of Death
1949,Actor in a Leading Role,0,Richard Todd,The Hasty Heart
1963,Actor in a Leading Role,0,Richard Harris,This Sporting Life
1977,Actor in a Leading Role,1,Richard Dreyfuss,The Goodbye Girl
1995,Actor in a Leading Role,0,Richard Dreyfuss,Mr. Holland's Opus
1999,Actor in a Leading Role,0,Richard Farnsworth,The Straight Story
1971,Actor in a Supporting Role,0,Richard Jaeckel,Sometimes a Great Notion
2008,Actor in a Leading Role,0,Richard Jenkins,The Visitor
1961,Actress in a Supporting Role,1,Rita Moreno,West Side Story
1983,Actor in a Supporting Role,0,Rip Torn,Cross Creek
2006,Actress in a Supporting Role,0,Rinko Kikuchi,Babel
1974,Actor in a Supporting Role,1,Robert De Niro,The Godfather Part II
1988,Actor in a Supporting Role,0,River Phoenix,Running on Empty
1990,Actor in a Leading Role,0,Robert De Niro,Awakenings
2012,Actor in a Supporting Role,0,Robert De Niro,Silver Linings Playbook
1980,Actor in a Leading Role,1,Robert De Niro,Raging Bull
1939,Actor in a Leading Role,1,Robert Donat,"Goodbye, Mr. Chips"
1941,Actor in a Leading Role,0,Robert Montgomery,Here Comes Mr. Jordan
1945,Actor in a Supporting Role,0,Robert Mitchum,G. I. Joe
1972,Actor in a Supporting Role,0,Robert Duvall,The Godfather
1992,Actor in a Leading Role,0,Robert Downey Jr.,Chaplin
2008,Actor in a Supporting Role,0,Robert Downey Jr.,Tropic Thunder
2014,Actor in a Supporting Role,0,Robert Duvall,The Judge
1983,Actor in a Leading Role,1,Robert Duvall,Tender Mercies
1985,Actor in a Supporting Role,0,Robert Loggia,Jagged Edge
1997,Actor in a Supporting Role,0,Robert Forster,Jackie Brown
1937,Actor in a Supporting Role,0,Roland Young,Topper
1938,Actor in a Supporting Role,0,Robert Morley,Marie Antoinette
1947,Actor in a Supporting Role,0,Robert Ryan,Crossfire
1973,Actor in a Leading Role,0,Robert Redford,The Sting
1982,Actor in a Supporting Role,0,Robert Preston,Victor/Victoria
1953,Actor in a Supporting Role,0,Robert Strauss,Stalag 17
1956,Actor in a Supporting Role,0,Robert Stack,Written on the Wind
1966,Actor in a Supporting Role,0,Robert Shaw,A Man for All Seasons
1954,Actor in a Supporting Role,0,Rod Steiger,On the Waterfront
1956,Actor in a Leading Role,0,Rock Hudson,Giant
1959,Actor in a Supporting Role,0,Robert Vaughn,The Young Philadelphians
1987,Actor in a Leading Role,0,Robin Williams,"Good Morning, Vietnam"
1998,Actor in a Leading Role,1,Roberto Benigni,Life Is Beautiful
1997,Actor in a Supporting Role,1,Robin Williams,Good Will Hunting
1965,Actor in a Leading Role,0,Rod Steiger,The Pawnbroker
1967,Actor in a Leading Role,1,Rod Steiger,In the Heat of the Night
1942,Actor in a Leading Role,0,Ronald Colman,Random Harvest
1968,Actor in a Leading Role,0,Ron Moody,Oliver!
1947,Actor in a Leading Role,1,Ronald Colman,A Double Life
1930,Actress in a Leading Role,0,Ruth Chatterton,Sarah and Son
1942,Actress in a Leading Role,0,Rosalind Russell,My Sister Eileen
1975,Actress in a Supporting Role,0,Ronee Blakley,Nashville
2011,Actress in a Leading Role,0,Rooney Mara,The Girl with the Dragon Tattoo
2015,Actress in a Supporting Role,0,Rooney Mara,Carol
1958,Actress in a Leading Role,0,Rosalind Russell,Auntie Mame
1969,Actor in a Supporting Role,0,Rupert Crosse,The Reivers
1971,Actor in a Supporting Role,0,Roy Scheider,The French Connection
1993,Actress in a Supporting Role,0,Rosie Perez,Fearless
1994,Actress in a Supporting Role,0,Rosemary Harris,Tom & Viv
2014,Actress in a Leading Role,0,Rosamund Pike,Gone Girl
1979,Actor in a Leading Role,0,Roy Scheider,All That Jazz
2007,Actress in a Supporting Role,0,Ruby Dee,American Gangster
1999,Actor in a Leading Role,0,Russell Crowe,The Insider
2001,Actor in a Leading Role,0,Russell Crowe,A Beautiful Mind
1930,Actor in a Leading Role,0,Wallace Beery,The Big House
1935,Actor in a Leading Role,1,Victor McLaglen,The Informer
1936,Actor in a Leading Role,0,Spencer Tracy,San Francisco
1940,Actress in a Supporting Role,0,Ruth Hussey,The Philadelphia Story
1965,Actress in a Supporting Role,0,Ruth Gordon,Inside Daisy Clover
1968,Actress in a Supporting Role,1,Ruth Gordon,Rosemary's Baby
1941,Actress in a Supporting Role,0,Sara Allgood,How Green Was My Valley
1950,Actor in a Supporting Role,0,Sam Jaffe,The Asphalt Jungle
1955,Actor in a Supporting Role,0,Sal Mineo,Rebel without a Cause
1970,Actor in a Leading Role,0,Ryan O'Neal,Love Story
2006,Actor in a Leading Role,0,Ryan Gosling,Half Nelson
2016,Actress in a Leading Role,0,Ruth Negga,Loving
2016,Actor in a Leading Role,0,Ryan Gosling,La La Land
1960,Actor in a Supporting Role,0,Sal Mineo,Exodus
1970,Actress in a Supporting Role,1,Sally Kellerman,MA*S*H
1979,Actress in a Leading Role,1,Sally Field,Norma Rae
2012,Actress in a Supporting Role,0,Sally Field,Lincoln
2013,Actress in a Supporting Role,0,Sally Hawkins,Blue Jasmine
1987,Actress in a Leading Role,0,Sally Kirkland,Anna
2002,Actress in a Leading Role,0,Salma Hayek,Frida
1965,Actress in a Leading Role,0,Samantha Eggar,The Collector
1983,Actor in a Supporting Role,0,Sam Shepard,The Right Stuff
1984,Actor in a Leading Role,0,Sam Waterston,The Killing Fields
1966,Actress in a Supporting Role,1,Sandy Dennis,Who's Afraid of Virginia Woolf?
1994,Actor in a Supporting Role,0,Samuel L. Jackson,Pulp Fiction
1999,Actress in a Supporting Role,0,Samantha Morton,Sweet and Lowdown
2003,Actress in a Leading Role,0,Samantha Morton,In America
2009,Actress in a Leading Role,1,Sandra Bullock,The Blind Side
2013,Actress in a Leading Role,0,Sandra Bullock,Gravity
2007,Actress in a Supporting Role,0,Saoirse Ronan,Atonement
2015,Actress in a Leading Role,0,Saoirse Ronan,Brooklyn
1950,Actor in a Leading Role,0,Spencer Tracy,Father of the Bride
1951,Actress in a Leading Role,0,Shelley Winters,A Place in the Sun
1957,Actor in a Supporting Role,0,Sessue Hayakawa,The Bridge on the River Kwai
1970,Actress in a Leading Role,0,Sarah Miles,Ryan's Daughter
1987,Actor in a Supporting Role,1,Sean Connery,The Untouchables
1995,Actor in a Leading Role,0,Sean Penn,Dead Man Walking
2008,Actor in a Leading Role,1,Sean Penn,Milk
1959,Actress in a Supporting Role,1,Shelley Winters,The Diary of Anne Frank
1968,Actor in a Supporting Role,0,Seymour Cassel,Faces
1972,Actress in a Supporting Role,0,Shelley Winters,The Poseidon Adventure
1995,Actress in a Leading Role,0,Sharon Stone,Casino
1965,Actress in a Supporting Role,1,Shelley Winters,A Patch of Blue
1952,Actress in a Leading Role,1,Shirley Booth,"Come Back, Little Sheba"
1955,Actor in a Leading Role,0,Spencer Tracy,Bad Day at Black Rock
1956,Actor in a Leading Role,0,Sir Laurence Olivier,Richard III
1958,Actor in a Leading Role,0,Sidney Poitier,The Defiant Ones
1958,Actress in a Leading Role,0,Shirley MacLaine,Some Came Running
1960,Actress in a Supporting Role,1,Shirley Jones,Elmer Gantry
1960,Actress in a Leading Role,0,Shirley MacLaine,The Apartment
1960,Actress in a Supporting Role,0,Shirley Knight,The Dark at the Top of the Stairs
1962,Actress in a Supporting Role,0,Shirley Knight,Sweet Bird of Youth
1963,Actress in a Leading Role,0,Shirley MacLaine,Irma La Douce
1983,Actress in a Leading Role,1,Shirley MacLaine,Terms of Endearment
1963,Actor in a Leading Role,1,Sidney Poitier,Lilies of the Field
2003,Actress in a Supporting Role,0,Shohreh Aghdashloo,House of Sand and Fog
1959,Actress in a Leading Role,1,Simone Signoret,Room at the Top
1986,Actress in a Leading Role,0,Sigourney Weaver,Aliens
1988,Actress in a Supporting Role,0,Sigourney Weaver,Working Girl
1965,Actress in a Leading Role,0,Simone Signoret,Ship of Fools
1958,Actor in a Leading Role,0,Spencer Tracy,The Old Man and the Sea
1961,Actress in a Leading Role,1,Sophia Loren,Two Women
1968,Actress in a Supporting Role,0,Sondra Locke,The Heart Is a Lonely Hunter
1976,Actress in a Leading Role,0,Sissy Spacek,Carrie
2001,Actress in a Leading Role,0,Sissy Spacek,In the Bedroom
1964,Actress in a Leading Role,0,Sophia Loren,Marriage Italian Style
1967,Actor in a Leading Role,0,Spencer Tracy,Guess Who's Coming to Dinner
2004,Actress in a Supporting Role,0,Sophie Okonedo,Hotel Rwanda
1960,Actor in a Leading Role,0,Spencer Tracy,Inherit the Wind
1938,Actor in a Leading Role,1,Spencer Tracy,Boys Town
1938,Actress in a Supporting Role,0,Spring Byington,You Can't Take It with You
1939,Actor in a Supporting Role,1,Thomas Mitchell,Stagecoach
1941,Actor in a Supporting Role,0,Sydney Greenstreet,The Maltese Falcon
1942,Actress in a Supporting Role,0,Susan Peters,Random Harvest
1947,Actress in a Leading Role,0,Susan Hayward,Smash-Up--The Story of a Woman
1961,Actor in a Leading Role,0,Stuart Whitman,The Mark
1964,Actor in a Supporting Role,0,Stanley Holloway,My Fair Lady
1966,Actor in a Leading Role,0,Steve McQueen,The Sand Pebbles
1992,Actor in a Leading Role,0,Stephen Rea,The Crying Game
2009,Actor in a Supporting Role,0,Stanley Tucci,The Lovely Bones
2014,Actor in a Leading Role,0,Steve Carell,Foxcatcher
1993,Actress in a Leading Role,0,Stockard Channing,Six Degrees of Separation
1958,Actress in a Leading Role,1,Susan Hayward,I Want to Live!
1959,Actress in a Supporting Role,0,Susan Kohner,Imitation of Life
1969,Actress in a Supporting Role,0,Susannah York,"They Shoot Horses, Don't They?"
1972,Actress in a Supporting Role,0,Susan Tyrrell,Fat City
1981,Actress in a Leading Role,0,Susan Sarandon,Atlantic City
1995,Actress in a Leading Role,1,Susan Sarandon,Dead Man Walking
1941,Actress in a Supporting Role,0,Teresa Wright,The Little Foxes
1962,Actor in a Supporting Role,0,Telly Savalas,Birdman of Alcatraz
1969,Actress in a Supporting Role,0,Sylvia Miles,Midnight Cowboy
1976,Actor in a Leading Role,0,Sylvester Stallone,Rocky
2015,Actor in a Supporting Role,0,Sylvester Stallone,Creed
1975,Actress in a Supporting Role,0,Sylvia Miles,"Farewell, My Lovely"
1976,Actress in a Leading Role,0,Talia Shire,Rocky
2008,Actress in a Supporting Role,0,Taraji P. Henson,The Curious Case of Benjamin Button
1962,Actor in a Supporting Role,0,Terence Stamp,Billy Budd
1942,Actress in a Leading Role,0,Teresa Wright,The Pride of the Yankees
1947,Actor in a Supporting Role,0,Thomas Gomez,Ride the Pink Horse
1950,Actress in a Supporting Role,0,Thelma Ritter,All about Eve
1952,Actress in a Supporting Role,0,Terry Moore,"Come Back, Little Sheba"
1982,Actress in a Supporting Role,0,Teri Garr,Tootsie
2005,Actor in a Leading Role,0,Terrence Howard,Hustle & Flow
1952,Actress in a Supporting Role,0,Thelma Ritter,With a Song in My Heart
1986,Actress in a Supporting Role,0,Tess Harper,Crimes of the Heart
1962,Actress in a Supporting Role,0,Thelma Ritter,Birdman of Alcatraz
1951,Actress in a Supporting Role,0,Thelma Ritter,The Mating Season
1958,Actor in a Supporting Role,0,Theodore Bikel,The Defiant Ones
2004,Actor in a Supporting Role,0,Thomas Haden Church,Sideways
1942,Actor in a Supporting Role,1,Van Heflin,Johnny Eager
1954,Actor in a Supporting Role,0,Tom Tully,The Caine Mutiny
1965,Actor in a Supporting Role,0,Tom Courtenay,Doctor Zhivago
1980,Actor in a Supporting Role,1,Timothy Hutton,Ordinary People
1995,Actor in a Supporting Role,0,Tim Roth,Rob Roy
2003,Actor in a Supporting Role,1,Tim Robbins,Mystic River
2007,Actress in a Supporting Role,1,Tilda Swinton,Michael Clayton
1983,Actor in a Leading Role,0,Tom Conti,"Reuben, Reuben"
1986,Actor in a Supporting Role,0,Tom Berenger,Platoon
1983,Actor in a Leading Role,0,Tom Courtenay,The Dresser
1984,Actor in a Leading Role,0,Tom Hulce,Amadeus
1988,Actor in a Leading Role,0,Tom Hanks,Big
1989,Actor in a Leading Role,0,Tom Cruise,Born on the Fourth of July
1999,Actor in a Supporting Role,0,Tom Cruise,Magnolia
2000,Actor in a Leading Role,0,Tom Hanks,Cast Away
2015,Actor in a Supporting Role,0,Tom Hardy,The Revenant
1958,Actor in a Leading Role,0,Tony Curtis,The Defiant Ones
1991,Actor in a Supporting Role,0,Tommy Lee Jones,JFK
2001,Actor in a Leading Role,0,Tom Wilkinson,In the Bedroom
2007,Actor in a Supporting Role,0,Tom Wilkinson,Michael Clayton
2012,Actor in a Supporting Role,0,Tommy Lee Jones,Lincoln
1993,Actor in a Supporting Role,1,Tommy Lee Jones,The Fugitive
1999,Actress in a Supporting Role,0,Toni Collette,The Sixth Sense
1960,Actor in a Leading Role,0,Trevor Howard,Sons and Lovers
1971,Actor in a Leading Role,0,Topol,Fiddler on the Roof
1961,Actress in a Supporting Role,0,Una Merkel,Summer and Smoke
1977,Actress in a Supporting Role,0,Tuesday Weld,Looking for Mr. Goodbar
1994,Actress in a Supporting Role,0,Uma Thurman,Pulp Fiction
1974,Actress in a Leading Role,0,Valerie Perrine,Lenny
1974,Actress in a Supporting Role,0,Valentina Cortese,Day for Night
1952,Actor in a Supporting Role,0,Victor McLaglen,The Quiet Man
1962,Actor in a Supporting Role,0,Victor Buono,What Ever Happened to Baby Jane?
1966,Actress in a Leading Role,0,Vanessa Redgrave,Morgan!
1992,Actress in a Supporting Role,0,Vanessa Redgrave,Howards End
2009,Actress in a Supporting Role,0,Vera Farmiga,Up in the Air
1939,Actress in a Leading Role,1,Vivien Leigh,Gone with the Wind
1957,Actor in a Supporting Role,0,Vittorio De Sica,A Farewell to Arms
1973,Actor in a Supporting Role,0,Vincent Gardenia,Bang the Drum Slowly
2007,Actor in a Leading Role,0,Viggo Mortensen,Eastern Promises
2016,Actor in a Leading Role,0,Viggo Mortensen,Captain Fantastic
1987,Actor in a Supporting Role,0,Vincent Gardenia,Moonstruck
2004,Actress in a Supporting Role,0,Virginia Madsen,Sideways
2008,Actress in a Supporting Role,0,Viola Davis,Doubt
2016,Actress in a Supporting Role,0,Viola Davis,Fences
1951,Actress in a Leading Role,1,Vivien Leigh,A Streetcar Named Desire
1966,Actress in a Supporting Role,0,Vivien Merchant,Alfie
1932,Actor in a Leading Role,1,Wallace Beery,The Champ
1936,Actor in a Supporting Role,1,Walter Brennan,Come and Get It
1941,Actor in a Supporting Role,0,Walter Brennan,Sergeant York
1942,Actor in a Leading Role,0,Walter Pidgeon,Mrs. Miniver
1942,Actor in a Supporting Role,0,Walter Huston,Yankee Doodle Dandy
1948,Actor in a Supporting Role,1,Walter Huston,The Treasure of the Sierra Madre
1966,Actor in a Supporting Role,1,Walter Matthau,The Fortune Cookie
1975,Actor in a Leading Role,0,Walter Matthau,The Sunshine Boys
1934,Actor in a Leading Role,0,William Powell,The Thin Man
1938,Actress in a Leading Role,0,Wendy Hiller,Pygmalion
1967,Actor in a Leading Role,0,Warren Beatty,Bonnie and Clyde
1991,Actor in a Leading Role,0,Warren Beatty,Bugsy
1966,Actress in a Supporting Role,0,Wendy Hiller,A Man for All Seasons
1976,Actor in a Leading Role,0,William Holden,Network
1985,Actor in a Supporting Role,0,William Hickey,Prizzi's Honor
1985,Actress in a Leading Role,0,Whoopi Goldberg,The Color Purple
1990,Actress in a Supporting Role,1,Whoopi Goldberg,Ghost
1996,Actor in a Supporting Role,0,William H. Macy,Fargo
2000,Actor in a Supporting Role,0,Willem Dafoe,Shadow of the Vampire
2001,Actor in a Leading Role,0,Will Smith,Ali
2006,Actor in a Leading Role,0,Will Smith,The Pursuit of Happyness
1985,Actor in a Leading Role,1,William Hurt,Kiss of the Spider Woman
2005,Actor in a Supporting Role,0,William Hurt,A History of Violence
1936,Actor in a Leading Role,0,William Powell,My Man Godfrey
1956,Actor in a Leading Role,1,Yul Brynner,The King and I
1977,Actor in a Leading Role,0,Woody Allen,Annie Hall
1993,Actress in a Supporting Role,0,Winona Ryder,The Age of Innocence
1994,Actress in a Leading Role,0,Winona Ryder,Little Women
1996,Actor in a Leading Role,0,Woody Harrelson,The People vs. Larry Flynt
2009,Actor in a Supporting Role,0,Woody Harrelson,The Messenger
